<?xml version="1.0" encoding="UTF-8"?>
<project-private xmlns="http://www.netbeans.org/ns/project-private/1">
    <editor-bookmarks xmlns="http://www.netbeans.org/ns/editor-bookmarks/2" lastBookmarkId="0"/>
    <open-files xmlns="http://www.netbeans.org/ns/projectui-open-files/2">
        <group>
            <file>file:/C:/Users/cinti/OneDrive/Área%20de%20Trabalho/Projeto%20ESII%20-%20Atualizado/TenisClubeBeach/TenisClubeBeach/src/View/CadastroUsuario.java</file>
            <file>file:/C:/Users/cinti/OneDrive/Área%20de%20Trabalho/Projeto%20ESII%20-%20Atualizado/TenisClubeBeach/TenisClubeBeach/src/ConexaoDao/QuadraDAO.java</file>
            <file>file:/C:/Users/cinti/OneDrive/Área%20de%20Trabalho/Projeto%20ESII%20-%20Atualizado/TenisClubeBeach/TenisClubeBeach/src/ConexaoDao/UsuarioDAO.java</file>
        </group>
    </open-files>
</project-private>
