<?xml version="1.0" encoding="UTF-8"?>
<project-private xmlns="http://www.netbeans.org/ns/project-private/1">
    <editor-bookmarks xmlns="http://www.netbeans.org/ns/editor-bookmarks/2" lastBookmarkId="0"/>
    <open-files xmlns="http://www.netbeans.org/ns/projectui-open-files/2">
        <group>
            <file>file:/C:/Users/cinti/OneDrive/Documentos/Gerenciamento%20de%20Sistemas%20Clube%20de%20Tênis/GerenciamentoSistemaClubeTenis/src/telas/TelaLogin.java</file>
            <file>file:/C:/Users/cinti/OneDrive/Documentos/Gerenciamento%20de%20Sistemas%20Clube%20de%20Tênis/GerenciamentoSistemaClubeTenis/src/modelos/JavaAluguel.java</file>
            <file>file:/C:/Users/cinti/OneDrive/Documentos/Gerenciamento%20de%20Sistemas%20Clube%20de%20Tênis/GerenciamentoSistemaClubeTenis/src/modelos/Dados.java</file>
            <file>file:/C:/Users/cinti/OneDrive/Documentos/Gerenciamento%20de%20Sistemas%20Clube%20de%20Tênis/GerenciamentoSistemaClubeTenis/src/telas/TelaUsuario.java</file>
        </group>
    </open-files>
</project-private>
